GalNAcol,HexNAc,Hex,Fuc,Neu5Ac,Neu5Gc,SO3-,mass
1.0,0.0,0.0,0.0,0.0,0.0,0.0,330.1883
1.0,0.0,0.0,0.0,0.0,0.0,1.0,418.1883
1.0,0.0,0.0,0.0,1.0,0.0,0.0,691.3620000000001
1.0,0.0,0.0,1.0,0.0,0.0,0.0,504.27750000000003
1.0,0.0,1.0,0.0,0.0,0.0,0.0,534.2881
1.0,0.0,1.0,0.0,0.0,0.0,1.0,622.2881
1.0,0.0,1.0,0.0,0.0,0.0,2.0,710.2881
1.0,0.0,1.0,0.0,1.0,0.0,0.0,895.4618
1.0,0.0,1.0,0.0,1.0,0.0,1.0,983.4618
1.0,0.0,1.0,0.0,2.0,0.0,0.0,1256.6354999999999
1.0,0.0,1.0,1.0,0.0,0.0,0.0,708.3773
1.0,0.0,1.0,1.0,0.0,0.0,1.0,796.3773
1.0,0.0,1.0,1.0,1.0,0.0,0.0,1069.551
1.0,0.0,1.0,2.0,0.0,0.0,0.0,882.4665
1.0,0.0,2.0,0.0,0.0,0.0,0.0,738.3879
1.0,0.0,2.0,0.0,0.0,0.0,1.0,826.3879
1.0,0.0,2.0,0.0,0.0,0.0,2.0,914.3879
1.0,0.0,2.0,0.0,1.0,0.0,0.0,1099.5616
1.0,0.0,2.0,0.0,1.0,0.0,1.0,1187.5616
1.0,0.0,2.0,0.0,1.0,0.0,2.0,1275.5616
1.0,0.0,2.0,0.0,2.0,0.0,0.0,1460.7352999999998
1.0,0.0,2.0,0.0,2.0,0.0,1.0,1548.7352999999998
1.0,0.0,2.0,1.0,0.0,0.0,0.0,912.4771
1.0,0.0,2.0,1.0,0.0,0.0,1.0,1000.4771
1.0,0.0,2.0,1.0,0.0,0.0,2.0,1088.4771
1.0,0.0,2.0,1.0,1.0,0.0,0.0,1273.6508
1.0,0.0,2.0,1.0,1.0,0.0,1.0,1361.6508
1.0,0.0,2.0,1.0,2.0,0.0,0.0,1634.8245
1.0,0.0,2.0,2.0,0.0,0.0,0.0,1086.5663
1.0,0.0,2.0,2.0,0.0,0.0,1.0,1174.5663
1.0,0.0,2.0,2.0,1.0,0.0,0.0,1447.74
1.0,0.0,2.0,3.0,0.0,0.0,0.0,1260.6554999999998
1.0,0.0,3.0,0.0,0.0,0.0,0.0,942.4877
1.0,0.0,3.0,0.0,0.0,0.0,1.0,1030.4877000000001
1.0,0.0,3.0,0.0,0.0,0.0,2.0,1118.4877000000001
1.0,0.0,3.0,0.0,1.0,0.0,0.0,1303.6614
1.0,0.0,3.0,0.0,1.0,0.0,1.0,1391.6614
1.0,0.0,3.0,0.0,1.0,0.0,2.0,1479.6614
1.0,0.0,3.0,0.0,2.0,0.0,0.0,1664.8351
1.0,0.0,3.0,0.0,2.0,0.0,1.0,1752.8351
1.0,0.0,3.0,0.0,2.0,0.0,2.0,1840.8351
1.0,0.0,3.0,1.0,0.0,0.0,0.0,1116.5769
1.0,0.0,3.0,1.0,0.0,0.0,1.0,1204.5769
1.0,0.0,3.0,1.0,0.0,0.0,2.0,1292.5769
1.0,0.0,3.0,1.0,1.0,0.0,0.0,1477.7506
1.0,0.0,3.0,1.0,1.0,0.0,1.0,1565.7506
1.0,0.0,3.0,1.0,1.0,0.0,2.0,1653.7506
1.0,0.0,3.0,1.0,2.0,0.0,0.0,1838.9243000000001
1.0,0.0,3.0,1.0,2.0,0.0,1.0,1926.9243000000001
1.0,0.0,3.0,2.0,0.0,0.0,0.0,1290.6661
1.0,0.0,3.0,2.0,0.0,0.0,1.0,1378.6661
1.0,0.0,3.0,2.0,1.0,0.0,0.0,1651.8398
1.0,0.0,3.0,2.0,1.0,0.0,1.0,1739.8398
1.0,0.0,3.0,2.0,2.0,0.0,0.0,2013.0135
1.0,0.0,3.0,3.0,0.0,0.0,0.0,1464.7553
1.0,0.0,3.0,3.0,1.0,0.0,0.0,1825.929
1.0,1.0,0.0,0.0,0.0,0.0,0.0,575.3146
1.0,1.0,0.0,0.0,0.0,0.0,1.0,663.3146
1.0,1.0,0.0,0.0,0.0,0.0,2.0,751.3146
1.0,1.0,0.0,0.0,1.0,0.0,0.0,936.4883
1.0,1.0,0.0,0.0,1.0,0.0,1.0,1024.4883
1.0,1.0,0.0,0.0,2.0,0.0,0.0,1297.662
1.0,1.0,0.0,1.0,0.0,0.0,0.0,749.4038
1.0,1.0,0.0,1.0,0.0,0.0,1.0,837.4038
1.0,1.0,0.0,1.0,1.0,0.0,0.0,1110.5775
1.0,1.0,0.0,2.0,0.0,0.0,0.0,923.493
1.0,1.0,1.0,0.0,0.0,0.0,0.0,779.4144
1.0,1.0,1.0,0.0,0.0,0.0,1.0,867.4144
1.0,1.0,1.0,0.0,0.0,0.0,2.0,955.4144
1.0,1.0,1.0,0.0,1.0,0.0,0.0,1140.5881
1.0,1.0,1.0,0.0,1.0,0.0,1.0,1228.5881
1.0,1.0,1.0,0.0,1.0,0.0,2.0,1316.5881
1.0,1.0,1.0,0.0,2.0,0.0,0.0,1501.7618
1.0,1.0,1.0,0.0,2.0,0.0,1.0,1589.7618
1.0,1.0,1.0,1.0,0.0,0.0,0.0,953.5036
1.0,1.0,1.0,1.0,0.0,0.0,1.0,1041.5036
1.0,1.0,1.0,1.0,0.0,0.0,2.0,1129.5036
1.0,1.0,1.0,1.0,1.0,0.0,0.0,1314.6773
1.0,1.0,1.0,1.0,1.0,0.0,1.0,1402.6773
1.0,1.0,1.0,1.0,2.0,0.0,0.0,1675.851
1.0,1.0,1.0,2.0,0.0,0.0,0.0,1127.5928
1.0,1.0,1.0,2.0,0.0,0.0,1.0,1215.5928
1.0,1.0,1.0,2.0,1.0,0.0,0.0,1488.7665
1.0,1.0,1.0,3.0,0.0,0.0,0.0,1301.682
1.0,1.0,2.0,0.0,0.0,0.0,0.0,983.5142000000001
1.0,1.0,2.0,0.0,0.0,0.0,1.0,1071.5142
1.0,1.0,2.0,0.0,0.0,0.0,2.0,1159.5142
1.0,1.0,2.0,0.0,1.0,0.0,0.0,1344.6879000000001
1.0,1.0,2.0,0.0,1.0,0.0,1.0,1432.6879000000001
1.0,1.0,2.0,0.0,1.0,0.0,2.0,1520.6879000000001
1.0,1.0,2.0,0.0,2.0,0.0,0.0,1705.8616000000002
1.0,1.0,2.0,0.0,2.0,0.0,1.0,1793.8616000000002
1.0,1.0,2.0,0.0,2.0,0.0,2.0,1881.8616000000002
1.0,1.0,2.0,1.0,0.0,0.0,0.0,1157.6034
1.0,1.0,2.0,1.0,0.0,0.0,1.0,1245.6034
1.0,1.0,2.0,1.0,0.0,0.0,2.0,1333.6034
1.0,1.0,2.0,1.0,1.0,0.0,0.0,1518.7771
1.0,1.0,2.0,1.0,1.0,0.0,1.0,1606.7771
1.0,1.0,2.0,1.0,1.0,0.0,2.0,1694.7771
1.0,1.0,2.0,1.0,2.0,0.0,0.0,1879.9508
1.0,1.0,2.0,1.0,2.0,0.0,1.0,1967.9508
1.0,1.0,2.0,2.0,0.0,0.0,0.0,1331.6926
1.0,1.0,2.0,2.0,0.0,0.0,1.0,1419.6926
1.0,1.0,2.0,2.0,1.0,0.0,0.0,1692.8663000000001
1.0,1.0,2.0,2.0,1.0,0.0,1.0,1780.8663000000001
1.0,1.0,2.0,2.0,2.0,0.0,0.0,2054.04
1.0,1.0,2.0,3.0,0.0,0.0,0.0,1505.7818000000002
1.0,1.0,2.0,3.0,1.0,0.0,0.0,1866.9555000000003
1.0,1.0,3.0,0.0,0.0,0.0,0.0,1187.614
1.0,1.0,3.0,0.0,0.0,0.0,1.0,1275.614
1.0,1.0,3.0,0.0,0.0,0.0,2.0,1363.614
1.0,1.0,3.0,0.0,1.0,0.0,0.0,1548.7877
1.0,1.0,3.0,0.0,1.0,0.0,1.0,1636.7877
1.0,1.0,3.0,0.0,1.0,0.0,2.0,1724.7877
1.0,1.0,3.0,0.0,2.0,0.0,0.0,1909.9614000000001
1.0,1.0,3.0,0.0,2.0,0.0,1.0,1997.9614000000001
1.0,1.0,3.0,0.0,2.0,0.0,2.0,2085.9614
1.0,1.0,3.0,1.0,0.0,0.0,0.0,1361.7032
1.0,1.0,3.0,1.0,0.0,0.0,1.0,1449.7032
1.0,1.0,3.0,1.0,0.0,0.0,2.0,1537.7032
1.0,1.0,3.0,1.0,1.0,0.0,0.0,1722.8769
1.0,1.0,3.0,1.0,1.0,0.0,1.0,1810.8769
1.0,1.0,3.0,1.0,1.0,0.0,2.0,1898.8769
1.0,1.0,3.0,1.0,2.0,0.0,0.0,2084.0506
1.0,1.0,3.0,1.0,2.0,0.0,1.0,2172.0506
1.0,1.0,3.0,1.0,2.0,0.0,2.0,2260.0506
1.0,1.0,3.0,2.0,0.0,0.0,0.0,1535.7924
1.0,1.0,3.0,2.0,0.0,0.0,1.0,1623.7924
1.0,1.0,3.0,2.0,1.0,0.0,0.0,1896.9661
1.0,1.0,3.0,2.0,1.0,0.0,1.0,1984.9661
1.0,1.0,3.0,2.0,2.0,0.0,0.0,2258.1398
1.0,1.0,3.0,2.0,2.0,0.0,1.0,2346.1398
1.0,1.0,3.0,3.0,0.0,0.0,0.0,1709.8816000000002
1.0,1.0,3.0,3.0,1.0,0.0,0.0,2071.0553
1.0,1.0,3.0,3.0,2.0,0.0,0.0,2432.2290000000003
1.0,1.0,4.0,0.0,0.0,0.0,0.0,1391.7138
1.0,1.0,4.0,0.0,0.0,0.0,1.0,1479.7138
1.0,1.0,4.0,0.0,0.0,0.0,2.0,1567.7138
1.0,1.0,4.0,0.0,1.0,0.0,0.0,1752.8875
1.0,1.0,4.0,0.0,1.0,0.0,1.0,1840.8875
1.0,1.0,4.0,0.0,1.0,0.0,2.0,1928.8875
1.0,1.0,4.0,0.0,2.0,0.0,0.0,2114.0612
1.0,1.0,4.0,0.0,2.0,0.0,1.0,2202.0612
1.0,1.0,4.0,0.0,2.0,0.0,2.0,2290.0612
1.0,1.0,4.0,1.0,0.0,0.0,0.0,1565.8029999999999
1.0,1.0,4.0,1.0,0.0,0.0,1.0,1653.8029999999999
1.0,1.0,4.0,1.0,0.0,0.0,2.0,1741.8029999999999
1.0,1.0,4.0,1.0,1.0,0.0,0.0,1926.9767
1.0,1.0,4.0,1.0,1.0,0.0,1.0,2014.9767
1.0,1.0,4.0,1.0,1.0,0.0,2.0,2102.9767
1.0,1.0,4.0,1.0,2.0,0.0,0.0,2288.1504
1.0,1.0,4.0,1.0,2.0,0.0,1.0,2376.1504
1.0,1.0,4.0,1.0,2.0,0.0,2.0,2464.1504
1.0,1.0,4.0,2.0,0.0,0.0,0.0,1739.8922
1.0,1.0,4.0,2.0,0.0,0.0,1.0,1827.8922
1.0,1.0,4.0,2.0,1.0,0.0,0.0,2101.0659
1.0,1.0,4.0,2.0,1.0,0.0,1.0,2189.0659
1.0,1.0,4.0,2.0,2.0,0.0,0.0,2462.2396
1.0,1.0,4.0,2.0,2.0,0.0,1.0,2550.2396
1.0,1.0,4.0,3.0,0.0,0.0,0.0,1913.9814000000001
1.0,1.0,4.0,3.0,1.0,0.0,0.0,2275.1551
1.0,1.0,4.0,3.0,2.0,0.0,0.0,2636.3288000000002
1.0,2.0,0.0,0.0,0.0,0.0,0.0,820.4409
1.0,2.0,0.0,0.0,0.0,0.0,1.0,908.4409
1.0,2.0,0.0,0.0,0.0,0.0,2.0,996.4409
1.0,2.0,0.0,0.0,1.0,0.0,0.0,1181.6146
1.0,2.0,0.0,0.0,1.0,0.0,1.0,1269.6146
1.0,2.0,0.0,0.0,1.0,0.0,2.0,1357.6146
1.0,2.0,0.0,0.0,2.0,0.0,0.0,1542.7883000000002
1.0,2.0,0.0,0.0,2.0,0.0,1.0,1630.7883000000002
1.0,2.0,0.0,1.0,0.0,0.0,0.0,994.5301000000001
1.0,2.0,0.0,1.0,0.0,0.0,1.0,1082.5301
1.0,2.0,0.0,1.0,0.0,0.0,2.0,1170.5301
1.0,2.0,0.0,1.0,1.0,0.0,0.0,1355.7038
1.0,2.0,0.0,1.0,1.0,0.0,1.0,1443.7038
1.0,2.0,0.0,1.0,2.0,0.0,0.0,1716.8775
1.0,2.0,0.0,2.0,0.0,0.0,0.0,1168.6193
1.0,2.0,0.0,2.0,0.0,0.0,1.0,1256.6193
1.0,2.0,0.0,2.0,1.0,0.0,0.0,1529.7930000000001
1.0,2.0,0.0,3.0,0.0,0.0,0.0,1342.7085000000002
1.0,2.0,1.0,0.0,0.0,0.0,0.0,1024.5407
1.0,2.0,1.0,0.0,0.0,0.0,1.0,1112.5407
1.0,2.0,1.0,0.0,0.0,0.0,2.0,1200.5407
1.0,2.0,1.0,0.0,1.0,0.0,0.0,1385.7144
1.0,2.0,1.0,0.0,1.0,0.0,1.0,1473.7144
1.0,2.0,1.0,0.0,1.0,0.0,2.0,1561.7144
1.0,2.0,1.0,0.0,2.0,0.0,0.0,1746.8881000000001
1.0,2.0,1.0,0.0,2.0,0.0,1.0,1834.8881000000001
1.0,2.0,1.0,0.0,2.0,0.0,2.0,1922.8881000000001
1.0,2.0,1.0,1.0,0.0,0.0,0.0,1198.6299
1.0,2.0,1.0,1.0,0.0,0.0,1.0,1286.6299
1.0,2.0,1.0,1.0,0.0,0.0,2.0,1374.6299
1.0,2.0,1.0,1.0,1.0,0.0,0.0,1559.8036
1.0,2.0,1.0,1.0,1.0,0.0,1.0,1647.8036
1.0,2.0,1.0,1.0,1.0,0.0,2.0,1735.8036
1.0,2.0,1.0,1.0,2.0,0.0,0.0,1920.9773
1.0,2.0,1.0,1.0,2.0,0.0,1.0,2008.9773
1.0,2.0,1.0,2.0,0.0,0.0,0.0,1372.7191
1.0,2.0,1.0,2.0,0.0,0.0,1.0,1460.7191
1.0,2.0,1.0,2.0,1.0,0.0,0.0,1733.8928
1.0,2.0,1.0,2.0,1.0,0.0,1.0,1821.8928
1.0,2.0,1.0,2.0,2.0,0.0,0.0,2095.0665
1.0,2.0,1.0,3.0,0.0,0.0,0.0,1546.8083000000001
1.0,2.0,1.0,3.0,1.0,0.0,0.0,1907.9820000000002
1.0,2.0,2.0,0.0,0.0,0.0,0.0,1228.6405
1.0,2.0,2.0,0.0,0.0,0.0,1.0,1316.6405
1.0,2.0,2.0,0.0,0.0,0.0,2.0,1404.6405
1.0,2.0,2.0,0.0,1.0,0.0,0.0,1589.8142
1.0,2.0,2.0,0.0,1.0,0.0,1.0,1677.8142
1.0,2.0,2.0,0.0,1.0,0.0,2.0,1765.8142
1.0,2.0,2.0,0.0,2.0,0.0,0.0,1950.9879
1.0,2.0,2.0,0.0,2.0,0.0,1.0,2038.9879
1.0,2.0,2.0,0.0,2.0,0.0,2.0,2126.9879
1.0,2.0,2.0,1.0,0.0,0.0,0.0,1402.7296999999999
1.0,2.0,2.0,1.0,0.0,0.0,1.0,1490.7296999999999
1.0,2.0,2.0,1.0,0.0,0.0,2.0,1578.7296999999999
1.0,2.0,2.0,1.0,1.0,0.0,0.0,1763.9034
1.0,2.0,2.0,1.0,1.0,0.0,1.0,1851.9034
1.0,2.0,2.0,1.0,1.0,0.0,2.0,1939.9034
1.0,2.0,2.0,1.0,2.0,0.0,0.0,2125.0771
1.0,2.0,2.0,1.0,2.0,0.0,1.0,2213.0771
1.0,2.0,2.0,1.0,2.0,0.0,2.0,2301.0771
1.0,2.0,2.0,2.0,0.0,0.0,0.0,1576.8189
1.0,2.0,2.0,2.0,0.0,0.0,1.0,1664.8189
1.0,2.0,2.0,2.0,1.0,0.0,0.0,1937.9926
1.0,2.0,2.0,2.0,1.0,0.0,1.0,2025.9926
1.0,2.0,2.0,2.0,2.0,0.0,0.0,2299.1663
1.0,2.0,2.0,2.0,2.0,0.0,1.0,2387.1663
1.0,2.0,2.0,3.0,0.0,0.0,0.0,1750.9081
1.0,2.0,2.0,3.0,1.0,0.0,0.0,2112.0818
1.0,2.0,2.0,3.0,2.0,0.0,0.0,2473.2555
1.0,2.0,3.0,0.0,0.0,0.0,0.0,1432.7403
1.0,2.0,3.0,0.0,0.0,0.0,1.0,1520.7403
1.0,2.0,3.0,0.0,0.0,0.0,2.0,1608.7403
1.0,2.0,3.0,0.0,1.0,0.0,0.0,1793.914
1.0,2.0,3.0,0.0,1.0,0.0,1.0,1881.914
1.0,2.0,3.0,0.0,1.0,0.0,2.0,1969.914
1.0,2.0,3.0,0.0,2.0,0.0,0.0,2155.0877
1.0,2.0,3.0,0.0,2.0,0.0,1.0,2243.0877
1.0,2.0,3.0,0.0,2.0,0.0,2.0,2331.0877
1.0,2.0,3.0,1.0,0.0,0.0,0.0,1606.8294999999998
1.0,2.0,3.0,1.0,0.0,0.0,1.0,1694.8294999999998
1.0,2.0,3.0,1.0,0.0,0.0,2.0,1782.8294999999998
1.0,2.0,3.0,1.0,1.0,0.0,0.0,1968.0031999999999
1.0,2.0,3.0,1.0,1.0,0.0,1.0,2056.0032
1.0,2.0,3.0,1.0,1.0,0.0,2.0,2144.0032
1.0,2.0,3.0,1.0,2.0,0.0,0.0,2329.1769
1.0,2.0,3.0,1.0,2.0,0.0,1.0,2417.1769
1.0,2.0,3.0,1.0,2.0,0.0,2.0,2505.1769
1.0,2.0,3.0,2.0,0.0,0.0,0.0,1780.9187
1.0,2.0,3.0,2.0,0.0,0.0,1.0,1868.9187
1.0,2.0,3.0,2.0,1.0,0.0,0.0,2142.0924
1.0,2.0,3.0,2.0,1.0,0.0,1.0,2230.0924
1.0,2.0,3.0,2.0,2.0,0.0,0.0,2503.2661
1.0,2.0,3.0,2.0,2.0,0.0,1.0,2591.2661
1.0,2.0,3.0,3.0,0.0,0.0,0.0,1955.0079
1.0,2.0,3.0,3.0,1.0,0.0,0.0,2316.1816
1.0,2.0,3.0,3.0,2.0,0.0,0.0,2677.3553
1.0,2.0,4.0,0.0,0.0,0.0,0.0,1636.8401
1.0,2.0,4.0,0.0,0.0,0.0,1.0,1724.8401
1.0,2.0,4.0,0.0,0.0,0.0,2.0,1812.8401
1.0,2.0,4.0,0.0,1.0,0.0,0.0,1998.0138
1.0,2.0,4.0,0.0,1.0,0.0,1.0,2086.0137999999997
1.0,2.0,4.0,0.0,1.0,0.0,2.0,2174.0137999999997
1.0,2.0,4.0,0.0,2.0,0.0,0.0,2359.1875
1.0,2.0,4.0,0.0,2.0,0.0,1.0,2447.1875
1.0,2.0,4.0,0.0,2.0,0.0,2.0,2535.1875
1.0,2.0,4.0,1.0,0.0,0.0,0.0,1810.9292999999998
1.0,2.0,4.0,1.0,0.0,0.0,1.0,1898.9292999999998
1.0,2.0,4.0,1.0,0.0,0.0,2.0,1986.9292999999998
1.0,2.0,4.0,1.0,1.0,0.0,0.0,2172.1029999999996
1.0,2.0,4.0,1.0,1.0,0.0,1.0,2260.1029999999996
1.0,2.0,4.0,1.0,1.0,0.0,2.0,2348.1029999999996
1.0,2.0,4.0,1.0,2.0,0.0,0.0,2533.2767
1.0,2.0,4.0,1.0,2.0,0.0,1.0,2621.2767
1.0,2.0,4.0,1.0,2.0,0.0,2.0,2709.2767
1.0,2.0,4.0,2.0,0.0,0.0,0.0,1985.0185
1.0,2.0,4.0,2.0,0.0,0.0,1.0,2073.0185
1.0,2.0,4.0,2.0,1.0,0.0,0.0,2346.1922
1.0,2.0,4.0,2.0,1.0,0.0,1.0,2434.1922
1.0,2.0,4.0,2.0,2.0,0.0,0.0,2707.3659
1.0,2.0,4.0,2.0,2.0,0.0,1.0,2795.3659
1.0,2.0,4.0,3.0,0.0,0.0,0.0,2159.1077
1.0,2.0,4.0,3.0,1.0,0.0,0.0,2520.2814
1.0,2.0,4.0,3.0,2.0,0.0,0.0,2881.4551
1.0,2.0,5.0,0.0,0.0,0.0,0.0,1840.9398999999999
1.0,2.0,5.0,0.0,0.0,0.0,1.0,1928.9398999999999
1.0,2.0,5.0,0.0,0.0,0.0,2.0,2016.9398999999999
1.0,2.0,5.0,0.0,1.0,0.0,0.0,2202.1135999999997
1.0,2.0,5.0,0.0,1.0,0.0,1.0,2290.1135999999997
1.0,2.0,5.0,0.0,1.0,0.0,2.0,2378.1135999999997
1.0,2.0,5.0,0.0,2.0,0.0,0.0,2563.2873
1.0,2.0,5.0,0.0,2.0,0.0,1.0,2651.2873
1.0,2.0,5.0,0.0,2.0,0.0,2.0,2739.2873
1.0,2.0,5.0,1.0,0.0,0.0,0.0,2015.0290999999997
1.0,2.0,5.0,1.0,0.0,0.0,1.0,2103.0290999999997
1.0,2.0,5.0,1.0,0.0,0.0,2.0,2191.0290999999997
1.0,2.0,5.0,1.0,1.0,0.0,0.0,2376.2027999999996
1.0,2.0,5.0,1.0,1.0,0.0,1.0,2464.2027999999996
1.0,2.0,5.0,1.0,1.0,0.0,2.0,2552.2027999999996
1.0,2.0,5.0,1.0,2.0,0.0,0.0,2737.3765
1.0,2.0,5.0,1.0,2.0,0.0,1.0,2825.3765
1.0,2.0,5.0,1.0,2.0,0.0,2.0,2913.3765
1.0,2.0,5.0,2.0,0.0,0.0,0.0,2189.1183
1.0,2.0,5.0,2.0,0.0,0.0,1.0,2277.1183
1.0,2.0,5.0,2.0,1.0,0.0,0.0,2550.292
1.0,2.0,5.0,2.0,1.0,0.0,1.0,2638.292
1.0,2.0,5.0,2.0,2.0,0.0,0.0,2911.4657
1.0,2.0,5.0,2.0,2.0,0.0,1.0,2999.4657
1.0,2.0,5.0,3.0,0.0,0.0,0.0,2363.2075
1.0,2.0,5.0,3.0,1.0,0.0,0.0,2724.3812
1.0,2.0,5.0,3.0,2.0,0.0,0.0,3085.5549
1.0,3.0,0.0,0.0,0.0,0.0,0.0,1065.5672
1.0,3.0,0.0,0.0,0.0,0.0,1.0,1153.5672
1.0,3.0,0.0,0.0,0.0,0.0,2.0,1241.5672
1.0,3.0,0.0,0.0,1.0,0.0,0.0,1426.7409
1.0,3.0,0.0,0.0,1.0,0.0,1.0,1514.7409
1.0,3.0,0.0,0.0,1.0,0.0,2.0,1602.7409
1.0,3.0,0.0,0.0,2.0,0.0,0.0,1787.9146
1.0,3.0,0.0,0.0,2.0,0.0,1.0,1875.9146
1.0,3.0,0.0,0.0,2.0,0.0,2.0,1963.9146
1.0,3.0,0.0,1.0,0.0,0.0,0.0,1239.6563999999998
1.0,3.0,0.0,1.0,0.0,0.0,1.0,1327.6563999999998
1.0,3.0,0.0,1.0,0.0,0.0,2.0,1415.6563999999998
1.0,3.0,0.0,1.0,1.0,0.0,0.0,1600.8301
1.0,3.0,0.0,1.0,1.0,0.0,1.0,1688.8301
1.0,3.0,0.0,1.0,1.0,0.0,2.0,1776.8301
1.0,3.0,0.0,1.0,2.0,0.0,0.0,1962.0038
1.0,3.0,0.0,1.0,2.0,0.0,1.0,2050.0038
1.0,3.0,0.0,2.0,0.0,0.0,0.0,1413.7456
1.0,3.0,0.0,2.0,0.0,0.0,1.0,1501.7456
1.0,3.0,0.0,2.0,1.0,0.0,0.0,1774.9193
1.0,3.0,0.0,2.0,1.0,0.0,1.0,1862.9193
1.0,3.0,0.0,2.0,2.0,0.0,0.0,2136.093
1.0,3.0,0.0,3.0,0.0,0.0,0.0,1587.8348
1.0,3.0,0.0,3.0,1.0,0.0,0.0,1949.0085000000001
1.0,3.0,1.0,0.0,0.0,0.0,0.0,1269.667
1.0,3.0,1.0,0.0,0.0,0.0,1.0,1357.667
1.0,3.0,1.0,0.0,0.0,0.0,2.0,1445.667
1.0,3.0,1.0,0.0,1.0,0.0,0.0,1630.8407
1.0,3.0,1.0,0.0,1.0,0.0,1.0,1718.8407
1.0,3.0,1.0,0.0,1.0,0.0,2.0,1806.8407
1.0,3.0,1.0,0.0,2.0,0.0,0.0,1992.0144
1.0,3.0,1.0,0.0,2.0,0.0,1.0,2080.0144
1.0,3.0,1.0,0.0,2.0,0.0,2.0,2168.0144
1.0,3.0,1.0,1.0,0.0,0.0,0.0,1443.7561999999998
1.0,3.0,1.0,1.0,0.0,0.0,1.0,1531.7561999999998
1.0,3.0,1.0,1.0,0.0,0.0,2.0,1619.7561999999998
1.0,3.0,1.0,1.0,1.0,0.0,0.0,1804.9298999999999
1.0,3.0,1.0,1.0,1.0,0.0,1.0,1892.9298999999999
1.0,3.0,1.0,1.0,1.0,0.0,2.0,1980.9298999999999
1.0,3.0,1.0,1.0,2.0,0.0,0.0,2166.1036
1.0,3.0,1.0,1.0,2.0,0.0,1.0,2254.1036
1.0,3.0,1.0,1.0,2.0,0.0,2.0,2342.1036
1.0,3.0,1.0,2.0,0.0,0.0,0.0,1617.8454
1.0,3.0,1.0,2.0,0.0,0.0,1.0,1705.8454
1.0,3.0,1.0,2.0,1.0,0.0,0.0,1979.0191
1.0,3.0,1.0,2.0,1.0,0.0,1.0,2067.0191
1.0,3.0,1.0,2.0,2.0,0.0,0.0,2340.1928
1.0,3.0,1.0,2.0,2.0,0.0,1.0,2428.1928
1.0,3.0,1.0,3.0,0.0,0.0,0.0,1791.9346
1.0,3.0,1.0,3.0,1.0,0.0,0.0,2153.1083
1.0,3.0,1.0,3.0,2.0,0.0,0.0,2514.282
1.0,3.0,2.0,0.0,0.0,0.0,0.0,1473.7667999999999
1.0,3.0,2.0,0.0,0.0,0.0,1.0,1561.7667999999999
1.0,3.0,2.0,0.0,0.0,0.0,2.0,1649.7667999999999
1.0,3.0,2.0,0.0,1.0,0.0,0.0,1834.9405
1.0,3.0,2.0,0.0,1.0,0.0,1.0,1922.9405
1.0,3.0,2.0,0.0,1.0,0.0,2.0,2010.9405
1.0,3.0,2.0,0.0,2.0,0.0,0.0,2196.1142
1.0,3.0,2.0,0.0,2.0,0.0,1.0,2284.1142
1.0,3.0,2.0,0.0,2.0,0.0,2.0,2372.1142
1.0,3.0,2.0,1.0,0.0,0.0,0.0,1647.8559999999998
1.0,3.0,2.0,1.0,0.0,0.0,1.0,1735.8559999999998
1.0,3.0,2.0,1.0,0.0,0.0,2.0,1823.8559999999998
1.0,3.0,2.0,1.0,1.0,0.0,0.0,2009.0296999999998
1.0,3.0,2.0,1.0,1.0,0.0,1.0,2097.0297
1.0,3.0,2.0,1.0,1.0,0.0,2.0,2185.0297
1.0,3.0,2.0,1.0,2.0,0.0,0.0,2370.2034
1.0,3.0,2.0,1.0,2.0,0.0,1.0,2458.2034
1.0,3.0,2.0,1.0,2.0,0.0,2.0,2546.2034
1.0,3.0,2.0,2.0,0.0,0.0,0.0,1821.9451999999999
1.0,3.0,2.0,2.0,0.0,0.0,1.0,1909.9451999999999
1.0,3.0,2.0,2.0,1.0,0.0,0.0,2183.1189
1.0,3.0,2.0,2.0,1.0,0.0,1.0,2271.1189
1.0,3.0,2.0,2.0,2.0,0.0,0.0,2544.2925999999998
1.0,3.0,2.0,2.0,2.0,0.0,1.0,2632.2925999999998
1.0,3.0,2.0,3.0,0.0,0.0,0.0,1996.0344
1.0,3.0,2.0,3.0,1.0,0.0,0.0,2357.2081
1.0,3.0,2.0,3.0,2.0,0.0,0.0,2718.3818
1.0,3.0,3.0,0.0,0.0,0.0,0.0,1677.8665999999998
1.0,3.0,3.0,0.0,0.0,0.0,1.0,1765.8665999999998
1.0,3.0,3.0,0.0,0.0,0.0,2.0,1853.8665999999998
1.0,3.0,3.0,0.0,1.0,0.0,0.0,2039.0403
1.0,3.0,3.0,0.0,1.0,0.0,1.0,2127.0402999999997
1.0,3.0,3.0,0.0,1.0,0.0,2.0,2215.0402999999997
1.0,3.0,3.0,0.0,2.0,0.0,0.0,2400.214
1.0,3.0,3.0,0.0,2.0,0.0,1.0,2488.214
1.0,3.0,3.0,0.0,2.0,0.0,2.0,2576.214
1.0,3.0,3.0,1.0,0.0,0.0,0.0,1851.9557999999997
1.0,3.0,3.0,1.0,0.0,0.0,1.0,1939.9557999999997
1.0,3.0,3.0,1.0,0.0,0.0,2.0,2027.9557999999997
1.0,3.0,3.0,1.0,1.0,0.0,0.0,2213.1294999999996
1.0,3.0,3.0,1.0,1.0,0.0,1.0,2301.1294999999996
1.0,3.0,3.0,1.0,1.0,0.0,2.0,2389.1294999999996
1.0,3.0,3.0,1.0,2.0,0.0,0.0,2574.3032
1.0,3.0,3.0,1.0,2.0,0.0,1.0,2662.3032
1.0,3.0,3.0,1.0,2.0,0.0,2.0,2750.3032
1.0,3.0,3.0,2.0,0.0,0.0,0.0,2026.0449999999998
1.0,3.0,3.0,2.0,0.0,0.0,1.0,2114.045
1.0,3.0,3.0,2.0,1.0,0.0,0.0,2387.2187
1.0,3.0,3.0,2.0,1.0,0.0,1.0,2475.2187
1.0,3.0,3.0,2.0,2.0,0.0,0.0,2748.3923999999997
1.0,3.0,3.0,2.0,2.0,0.0,1.0,2836.3923999999997
1.0,3.0,3.0,3.0,0.0,0.0,0.0,2200.1342
1.0,3.0,3.0,3.0,1.0,0.0,0.0,2561.3079
1.0,3.0,3.0,3.0,2.0,0.0,0.0,2922.4816
1.0,3.0,4.0,0.0,0.0,0.0,0.0,1881.9663999999998
1.0,3.0,4.0,0.0,0.0,0.0,1.0,1969.9663999999998
1.0,3.0,4.0,0.0,0.0,0.0,2.0,2057.9664
1.0,3.0,4.0,0.0,1.0,0.0,0.0,2243.1400999999996
1.0,3.0,4.0,0.0,1.0,0.0,1.0,2331.1400999999996
1.0,3.0,4.0,0.0,1.0,0.0,2.0,2419.1400999999996
1.0,3.0,4.0,0.0,2.0,0.0,0.0,2604.3138
1.0,3.0,4.0,0.0,2.0,0.0,1.0,2692.3138
1.0,3.0,4.0,0.0,2.0,0.0,2.0,2780.3138
1.0,3.0,4.0,1.0,0.0,0.0,0.0,2056.0555999999997
1.0,3.0,4.0,1.0,0.0,0.0,1.0,2144.0555999999997
1.0,3.0,4.0,1.0,0.0,0.0,2.0,2232.0555999999997
1.0,3.0,4.0,1.0,1.0,0.0,0.0,2417.2292999999995
1.0,3.0,4.0,1.0,1.0,0.0,1.0,2505.2292999999995
1.0,3.0,4.0,1.0,1.0,0.0,2.0,2593.2292999999995
1.0,3.0,4.0,1.0,2.0,0.0,0.0,2778.403
1.0,3.0,4.0,1.0,2.0,0.0,1.0,2866.403
1.0,3.0,4.0,1.0,2.0,0.0,2.0,2954.403
1.0,3.0,4.0,2.0,0.0,0.0,0.0,2230.1448
1.0,3.0,4.0,2.0,0.0,0.0,1.0,2318.1448
1.0,3.0,4.0,2.0,1.0,0.0,0.0,2591.3185
1.0,3.0,4.0,2.0,1.0,0.0,1.0,2679.3185
1.0,3.0,4.0,2.0,2.0,0.0,0.0,2952.4922
1.0,3.0,4.0,2.0,2.0,0.0,1.0,3040.4922
1.0,3.0,4.0,3.0,0.0,0.0,0.0,2404.234
1.0,3.0,4.0,3.0,1.0,0.0,0.0,2765.4076999999997
1.0,3.0,4.0,3.0,2.0,0.0,0.0,3126.5814
1.0,3.0,5.0,0.0,0.0,0.0,0.0,2086.0661999999998
1.0,3.0,5.0,0.0,0.0,0.0,1.0,2174.0661999999998
1.0,3.0,5.0,0.0,0.0,0.0,2.0,2262.0661999999998
1.0,3.0,5.0,0.0,1.0,0.0,0.0,2447.2398999999996
1.0,3.0,5.0,0.0,1.0,0.0,1.0,2535.2398999999996
1.0,3.0,5.0,0.0,1.0,0.0,2.0,2623.2398999999996
1.0,3.0,5.0,0.0,2.0,0.0,0.0,2808.4136
1.0,3.0,5.0,0.0,2.0,0.0,1.0,2896.4136
1.0,3.0,5.0,0.0,2.0,0.0,2.0,2984.4136
1.0,3.0,5.0,1.0,0.0,0.0,0.0,2260.1553999999996
1.0,3.0,5.0,1.0,0.0,0.0,1.0,2348.1553999999996
1.0,3.0,5.0,1.0,0.0,0.0,2.0,2436.1553999999996
1.0,3.0,5.0,1.0,1.0,0.0,0.0,2621.3290999999995
1.0,3.0,5.0,1.0,1.0,0.0,1.0,2709.3290999999995
1.0,3.0,5.0,1.0,1.0,0.0,2.0,2797.3290999999995
1.0,3.0,5.0,1.0,2.0,0.0,0.0,2982.5027999999998
1.0,3.0,5.0,1.0,2.0,0.0,1.0,3070.5027999999998
1.0,3.0,5.0,1.0,2.0,0.0,2.0,3158.5027999999998
1.0,3.0,5.0,2.0,0.0,0.0,0.0,2434.2446
1.0,3.0,5.0,2.0,0.0,0.0,1.0,2522.2446
1.0,3.0,5.0,2.0,1.0,0.0,0.0,2795.4183
1.0,3.0,5.0,2.0,1.0,0.0,1.0,2883.4183
1.0,3.0,5.0,2.0,2.0,0.0,0.0,3156.592
1.0,3.0,5.0,2.0,2.0,0.0,1.0,3244.592
1.0,3.0,5.0,3.0,0.0,0.0,0.0,2608.3338
1.0,3.0,5.0,3.0,1.0,0.0,0.0,2969.5074999999997
1.0,3.0,5.0,3.0,2.0,0.0,0.0,3330.6812
1.0,4.0,1.0,0.0,0.0,0.0,0.0,1514.7932999999998
1.0,4.0,1.0,0.0,0.0,0.0,1.0,1602.7932999999998
1.0,4.0,1.0,0.0,0.0,0.0,2.0,1690.7932999999998
1.0,4.0,1.0,0.0,1.0,0.0,0.0,1875.9669999999999
1.0,4.0,1.0,0.0,1.0,0.0,1.0,1963.9669999999999
1.0,4.0,1.0,0.0,1.0,0.0,2.0,2051.9669999999996
1.0,4.0,1.0,0.0,2.0,0.0,0.0,2237.1407
1.0,4.0,1.0,0.0,2.0,0.0,1.0,2325.1407
1.0,4.0,1.0,0.0,2.0,0.0,2.0,2413.1407
1.0,4.0,1.0,1.0,0.0,0.0,0.0,1688.8824999999997
1.0,4.0,1.0,1.0,0.0,0.0,1.0,1776.8824999999997
1.0,4.0,1.0,1.0,0.0,0.0,2.0,1864.8824999999997
1.0,4.0,1.0,1.0,1.0,0.0,0.0,2050.0561999999995
1.0,4.0,1.0,1.0,1.0,0.0,1.0,2138.0561999999995
1.0,4.0,1.0,1.0,1.0,0.0,2.0,2226.0561999999995
1.0,4.0,1.0,1.0,2.0,0.0,0.0,2411.2299
1.0,4.0,1.0,1.0,2.0,0.0,1.0,2499.2299
1.0,4.0,1.0,1.0,2.0,0.0,2.0,2587.2299
1.0,4.0,1.0,2.0,0.0,0.0,0.0,1862.9716999999998
1.0,4.0,1.0,2.0,0.0,0.0,1.0,1950.9716999999998
1.0,4.0,1.0,2.0,1.0,0.0,0.0,2224.1454
1.0,4.0,1.0,2.0,1.0,0.0,1.0,2312.1454
1.0,4.0,1.0,2.0,2.0,0.0,0.0,2585.3190999999997
1.0,4.0,1.0,2.0,2.0,0.0,1.0,2673.3190999999997
1.0,4.0,1.0,3.0,0.0,0.0,0.0,2037.0609
1.0,4.0,1.0,3.0,1.0,0.0,0.0,2398.2346
1.0,4.0,1.0,3.0,2.0,0.0,0.0,2759.4083
1.0,4.0,2.0,0.0,0.0,0.0,0.0,1718.8930999999998
1.0,4.0,2.0,0.0,0.0,0.0,1.0,1806.8930999999998
1.0,4.0,2.0,0.0,0.0,0.0,2.0,1894.8930999999998
1.0,4.0,2.0,0.0,1.0,0.0,0.0,2080.0667999999996
1.0,4.0,2.0,0.0,1.0,0.0,1.0,2168.0667999999996
1.0,4.0,2.0,0.0,1.0,0.0,2.0,2256.0667999999996
1.0,4.0,2.0,0.0,2.0,0.0,0.0,2441.2405
1.0,4.0,2.0,0.0,2.0,0.0,1.0,2529.2405
1.0,4.0,2.0,0.0,2.0,0.0,2.0,2617.2405
1.0,4.0,2.0,1.0,0.0,0.0,0.0,1892.9822999999997
1.0,4.0,2.0,1.0,0.0,0.0,1.0,1980.9822999999997
1.0,4.0,2.0,1.0,0.0,0.0,2.0,2068.9822999999997
1.0,4.0,2.0,1.0,1.0,0.0,0.0,2254.1559999999995
1.0,4.0,2.0,1.0,1.0,0.0,1.0,2342.1559999999995
1.0,4.0,2.0,1.0,1.0,0.0,2.0,2430.1559999999995
1.0,4.0,2.0,1.0,2.0,0.0,0.0,2615.3297
1.0,4.0,2.0,1.0,2.0,0.0,1.0,2703.3297
1.0,4.0,2.0,1.0,2.0,0.0,2.0,2791.3297
1.0,4.0,2.0,2.0,0.0,0.0,0.0,2067.0715
1.0,4.0,2.0,2.0,0.0,0.0,1.0,2155.0715
1.0,4.0,2.0,2.0,1.0,0.0,0.0,2428.2452
1.0,4.0,2.0,2.0,1.0,0.0,1.0,2516.2452
1.0,4.0,2.0,2.0,2.0,0.0,0.0,2789.4189
1.0,4.0,2.0,2.0,2.0,0.0,1.0,2877.4189
1.0,4.0,2.0,3.0,0.0,0.0,0.0,2241.1607
1.0,4.0,2.0,3.0,1.0,0.0,0.0,2602.3343999999997
1.0,4.0,2.0,3.0,2.0,0.0,0.0,2963.5081
1.0,4.0,3.0,0.0,0.0,0.0,0.0,1922.9928999999997
1.0,4.0,3.0,0.0,0.0,0.0,1.0,2010.9928999999997
1.0,4.0,3.0,0.0,0.0,0.0,2.0,2098.9928999999997
1.0,4.0,3.0,0.0,1.0,0.0,0.0,2284.1665999999996
1.0,4.0,3.0,0.0,1.0,0.0,1.0,2372.1665999999996
1.0,4.0,3.0,0.0,1.0,0.0,2.0,2460.1665999999996
1.0,4.0,3.0,0.0,2.0,0.0,0.0,2645.3403
1.0,4.0,3.0,0.0,2.0,0.0,1.0,2733.3403
1.0,4.0,3.0,0.0,2.0,0.0,2.0,2821.3403
1.0,4.0,3.0,1.0,0.0,0.0,0.0,2097.0820999999996
1.0,4.0,3.0,1.0,0.0,0.0,1.0,2185.0820999999996
1.0,4.0,3.0,1.0,0.0,0.0,2.0,2273.0820999999996
1.0,4.0,3.0,1.0,1.0,0.0,0.0,2458.2557999999995
1.0,4.0,3.0,1.0,1.0,0.0,1.0,2546.2557999999995
1.0,4.0,3.0,1.0,1.0,0.0,2.0,2634.2557999999995
1.0,4.0,3.0,1.0,2.0,0.0,0.0,2819.4294999999997
1.0,4.0,3.0,1.0,2.0,0.0,1.0,2907.4294999999997
1.0,4.0,3.0,1.0,2.0,0.0,2.0,2995.4294999999997
1.0,4.0,3.0,2.0,0.0,0.0,0.0,2271.1713
1.0,4.0,3.0,2.0,0.0,0.0,1.0,2359.1713
1.0,4.0,3.0,2.0,1.0,0.0,0.0,2632.345
1.0,4.0,3.0,2.0,1.0,0.0,1.0,2720.345
1.0,4.0,3.0,2.0,2.0,0.0,0.0,2993.5187
1.0,4.0,3.0,2.0,2.0,0.0,1.0,3081.5187
1.0,4.0,3.0,3.0,0.0,0.0,0.0,2445.2605
1.0,4.0,3.0,3.0,1.0,0.0,0.0,2806.4341999999997
1.0,4.0,3.0,3.0,2.0,0.0,0.0,3167.6079
1.0,4.0,4.0,0.0,0.0,0.0,0.0,2127.0926999999997
1.0,4.0,4.0,0.0,0.0,0.0,1.0,2215.0926999999997
1.0,4.0,4.0,0.0,0.0,0.0,2.0,2303.0926999999997
1.0,4.0,4.0,0.0,1.0,0.0,0.0,2488.2663999999995
1.0,4.0,4.0,0.0,1.0,0.0,1.0,2576.2663999999995
1.0,4.0,4.0,0.0,1.0,0.0,2.0,2664.2663999999995
1.0,4.0,4.0,0.0,2.0,0.0,0.0,2849.4401
1.0,4.0,4.0,0.0,2.0,0.0,1.0,2937.4401
1.0,4.0,4.0,0.0,2.0,0.0,2.0,3025.4401
1.0,4.0,4.0,1.0,0.0,0.0,0.0,2301.1818999999996
1.0,4.0,4.0,1.0,0.0,0.0,1.0,2389.1818999999996
1.0,4.0,4.0,1.0,0.0,0.0,2.0,2477.1818999999996
1.0,4.0,4.0,1.0,1.0,0.0,0.0,2662.3555999999994
1.0,4.0,4.0,1.0,1.0,0.0,1.0,2750.3555999999994
1.0,4.0,4.0,1.0,1.0,0.0,2.0,2838.3555999999994
1.0,4.0,4.0,1.0,2.0,0.0,0.0,3023.5292999999997
1.0,4.0,4.0,1.0,2.0,0.0,1.0,3111.5292999999997
1.0,4.0,4.0,1.0,2.0,0.0,2.0,3199.5292999999997
1.0,4.0,4.0,2.0,0.0,0.0,0.0,2475.2711
1.0,4.0,4.0,2.0,0.0,0.0,1.0,2563.2711
1.0,4.0,4.0,2.0,1.0,0.0,0.0,2836.4447999999998
1.0,4.0,4.0,2.0,1.0,0.0,1.0,2924.4447999999998
1.0,4.0,4.0,2.0,2.0,0.0,0.0,3197.6185
1.0,4.0,4.0,2.0,2.0,0.0,1.0,3285.6185
1.0,4.0,4.0,3.0,0.0,0.0,0.0,2649.3603
1.0,4.0,4.0,3.0,1.0,0.0,0.0,3010.5339999999997
1.0,4.0,4.0,3.0,2.0,0.0,0.0,3371.7077
1.0,4.0,5.0,0.0,0.0,0.0,0.0,2331.1924999999997
1.0,4.0,5.0,0.0,0.0,0.0,1.0,2419.1924999999997
1.0,4.0,5.0,0.0,0.0,0.0,2.0,2507.1924999999997
1.0,4.0,5.0,0.0,1.0,0.0,0.0,2692.3661999999995
1.0,4.0,5.0,0.0,1.0,0.0,1.0,2780.3661999999995
1.0,4.0,5.0,0.0,1.0,0.0,2.0,2868.3661999999995
1.0,4.0,5.0,0.0,2.0,0.0,0.0,3053.5398999999998
1.0,4.0,5.0,0.0,2.0,0.0,1.0,3141.5398999999998
1.0,4.0,5.0,0.0,2.0,0.0,2.0,3229.5398999999998
1.0,4.0,5.0,1.0,0.0,0.0,0.0,2505.2816999999995
1.0,4.0,5.0,1.0,0.0,0.0,1.0,2593.2816999999995
1.0,4.0,5.0,1.0,0.0,0.0,2.0,2681.2816999999995
1.0,4.0,5.0,1.0,1.0,0.0,0.0,2866.4553999999994
1.0,4.0,5.0,1.0,1.0,0.0,1.0,2954.4553999999994
1.0,4.0,5.0,1.0,1.0,0.0,2.0,3042.4553999999994
1.0,4.0,5.0,1.0,2.0,0.0,0.0,3227.6290999999997
1.0,4.0,5.0,1.0,2.0,0.0,1.0,3315.6290999999997
1.0,4.0,5.0,1.0,2.0,0.0,2.0,3403.6290999999997
1.0,4.0,5.0,2.0,0.0,0.0,0.0,2679.3709
1.0,4.0,5.0,2.0,0.0,0.0,1.0,2767.3709
1.0,4.0,5.0,2.0,1.0,0.0,0.0,3040.5445999999997
1.0,4.0,5.0,2.0,1.0,0.0,1.0,3128.5445999999997
1.0,4.0,5.0,2.0,2.0,0.0,0.0,3401.7183
1.0,4.0,5.0,2.0,2.0,0.0,1.0,3489.7183
1.0,4.0,5.0,3.0,0.0,0.0,0.0,2853.4601
1.0,4.0,5.0,3.0,1.0,0.0,0.0,3214.6337999999996
1.0,4.0,5.0,3.0,2.0,0.0,0.0,3575.8075
